Message,Opens,Asset,Found in
What do you learn from the difficulty,Master bathroom (exists),key12,Broom closet
Consider who's speaking,Broom closet (exists),key13,"n/a (/in/, Jennie's room — opens the whole experience) "
How does it make you feel?,Lady bathroom (doesn't exist),key5,Broom closet
Is anything funny?,Jordan room (doesn't exist),key3,Broom closet
Do you want it to be happy or sad?,Lady bedroom (doesn't exist),key4,Broom closet
How is it beautiful?,Children's room (exists),key2,Spare Room
What is the shape of events?,n/a,key6,Broom closet
What other art does it speak to?,Master bedroom (doesn't exist yet),key1,Broom closet
How do different parts speak to each other?,Spare room (exists),key 8,Broom closet
What styles of art and writing are here?,Artist's studio (doesn't exist),key9,Broom closet
Find one image and follow it all the way through,Balcony (exists),key 14,Spare Room
Find one theme and follow it all the way through,Kitchen (doesn't exist),key16,Broom closet
What does it teach you?,Chapel (doesn't exist),key11,Broom closet
Is it true?,Basement (doesn't exist),key10,Broom closet
Do you think it is good?,Entryway (doesn't exist),key7,Broom closet
"The physics of this world is symbol, not law.",Throne room (doesn't exist),key15,Children's Room